{"state":{"code":200,"message":"success"},"data":{"total":17,"list":[{"testId":166,"studioName":"","studioLogo":"","gameName":"永恒之塔2","bannerImage":"http://image.9game.cn/s/y9v/g/2018/11/b346e583198a2f6.jpg","gameTypes":["角色"],"recommendWord":"《永恒之塔2》为韩国游戏公司NCsoft旗下人气3D MMORPG《永恒之塔》的续作，目前仍在制作中。","publishTime":"1541648047000","status":1,"joinStatus":0,"provideType":0,"isFollow":false,"studioId":0,"gameId":750354,"domain":"yhzt2","gameScreenshots":["http://image.9game.cn/s/y9v/g/2018/11/d3aba6a903d4446.jpg","http://image.9game.cn/s/y9v/g/2018/11/b8ebe9051d7c8e1.jpg","http://image.9game.cn/s/y9v/g/2018/11/c0a026a83645f4c.jpg","http://image.9game.cn/s/y9v/g/2018/11/5bfe7c6ce9d46cc.jpg","http://image.9game.cn/s/y9v/g/2018/11/5fdc746bce9362a.jpg"],"circleId":163},{"testId":93,"studioName":"","studioLogo":"","gameName":"跳跳大咖","bannerImage":"http://image.9game.cn/s/y9v/g/2018/10/e3e64f60221dd6b.png","gameTypes":["moba","休闲","角色"],"recommendWord":"阔别已久，终于要再次重逢了！《跳跳大咖》将于10月17日(周三)10点正式开启删档内测！\n总算不负众望把上次各位玩家朋友提的意见全部完成了，松口气。\n最新启动玩家代表系统，以后玩家意见可直达主策，作为我们改进的主要方向。","publishTime":"1541385286000","status":1,"joinStatus":0,"provideType":0,"isFollow":false,"studioId":0,"gameId":885507,"domain":"bzjj","gameScreenshots":["http://image.9game.cn/s/y9v/g/2018/2/8313bfba397a57f.jpg","http://image.9game.cn/s/y9v/g/2018/2/679e18e8d6f97bf.jpg","http://image.9game.cn/s/y9v/g/2018/2/61ac8767d0f13b8.jpg","http://image.9game.cn/s/y9v/g/2018/2/5b300c600fdfa50.jpg","http://image.9game.cn/s/y9v/g/2018/2/6e6b31ef8d8cb2d.jpg"],"circleId":70},{"testId":165,"studioName":"","studioLogo":"","gameName":"暗黑破坏神：不朽","bannerImage":"http://image.9game.cn/s/y9v/g/2018/11/69194ee22be61fa.jpg","gameTypes":["角色"],"recommendWord":"今年是2018年，距离暴雪娱乐和网易宣布合作已经过去了10年，在这期间，暴雪与网易联手将一款款暴雪精品游戏呈现到中国玩家面前，从《星际争霸II》到暴雪人气第一人称射击游戏《守望先锋》，再到《魔兽世界》8.0，让更多中国玩家能够体验到暴雪作品，一直是双方的共同目标与骄傲。\n\n不过，这一次，我们准备一起做点不一样的。除了成熟产品的中国区代理运营之外，我们准备联合开发一款手游—《暗黑破坏神：不朽》。\n\n很多玩家由于各种原因离开了键盘和鼠标，转向了更为便捷的手机端，并且随着平台和技术的发展，手机端运行游戏的效果也能达到了非常高的水准。我们觉得，是时候让广大玩家们在手机上体验到暴雪的游戏内容了。\n\n《暗黑破坏神》，作为一个深受玩家喜爱的经典IP，我们也将不为余力地为玩家带来更丰富的新体验。我们已经将暗黑放到了Xbox，PS以及Switch上，同样它也非常适合手游——因为操控和游戏玩法在移动端能够有非常好的还原及创新。\n\n在多年的友好合作关系下，我们希望把双方对游戏的热爱和专业度完美结合。于是我们成立了一个联合项目组，充分发挥双方优势，相辅相成。共同致力于在移动平台上为大家实现纯粹的暗黑体验。\n\n未来，从《暗黑破坏神：不朽》开始。\n\n——《暗黑破坏神：不朽》暴雪网易联合开发组","publishTime":"1541205723000","status":1,"joinStatus":0,"provideType":0,"isFollow":false,"studioId":0,"gameId":1024227,"domain":"ahphsbx","gameScreenshots":["http://image.9game.cn/s/y9v/g/2018/11/ffff1e0ff53e539.jpg","http://image.9game.cn/s/y9v/g/2018/11/c74a83c6d63ee75.jpg","http://image.9game.cn/s/y9v/g/2018/11/2d8011ee87063ae.jpg","http://image.9game.cn/s/y9v/g/2018/11/4c25f7f2e9a389e.jpg"],"circleId":162},{"testId":164,"studioName":"","studioLogo":"","gameName":"封龙战纪","bannerImage":"http://image.9game.cn/s/y9v/g/2018/11/2b5b92588ada622.jpg","gameTypes":["角色"],"recommendWord":"起源\n她从龙蛋中出生，\n她是精灵，却拥有龙族血脉，\n她受到巨龙的召唤和宿命的安排，\n获得了来自远古巨龙的力量和一颗脆弱的龙蛋，\n少女与龙的相遇，为世界勾勒出最初的轮廓，\n也为魔幻大陆拉开了新的篇章……","publishTime":"1541057414000","status":1,"joinStatus":0,"provideType":0,"isFollow":false,"studioId":0,"gameId":921694,"domain":"fenglongzhanji","gameScreenshots":["http://image.9game.cn/s/y9v/g/2018/11/f36b12ce727c606.jpg","http://image.9game.cn/s/y9v/g/2018/11/5e77ecfc93910b4.jpg","http://image.9game.cn/s/y9v/g/2018/11/5091c12017bc47f.jpg","http://image.9game.cn/s/y9v/g/2018/11/8a844545783e154.jpg","http://image.9game.cn/s/y9v/g/2018/11/1b78e34bf86472b.jpg"],"circleId":0},{"testId":163,"studioName":"","studioLogo":"","gameName":"最终幻想：勇气启示录","bannerImage":"http://image.9game.cn/s/y9v/g/2018/10/ee79876da2698a9.jpg","gameTypes":["角色"],"recommendWord":"玩家朋友们，你们好。我叫何榛杰，是《最终幻想：勇气启示录》中文版的制作人。很高兴九游设置的“开发者的话”这个栏目，让我有机会和大家一起交流。\n和大家一样，我非常喜欢《最终幻想》系列游戏，所以，当初公司决定和史克威尔·艾尼克斯洽谈合作时，我的心情高兴而激动。经过一段时间的商务谈判，最终西山居顺利和史克威尔·艾尼克斯达成了合作，并且，史克威尔·艾尼克斯给了我们充分的信任，决定让我们来负责中文版的制作。这样我们就能把更好的《最终幻想：勇气启示录》带给中国国内的玩家了。\n《最终幻想：勇气启示录》是一款非常高品质的游戏，我认为在游戏设计方面非常成功，因此，中文版本除了改善部分基础游戏体验，增加一些福利之外，不会对其它方面做改动。","publishTime":"1540980472000","status":1,"joinStatus":0,"provideType":0,"isFollow":false,"studioId":0,"gameId":996036,"domain":"zzhxyqqsl1","gameScreenshots":["http://image.9game.cn/s/y9v/g/2018/10/fb543cdbbcb563f.jpg","http://image.9game.cn/s/y9v/g/2018/10/5b987ca68fc12f6.jpg","http://image.9game.cn/s/y9v/g/2018/10/7e17d52a0062bab.jpg","http://image.9game.cn/s/y9v/g/2018/10/1fab9ee34a1e498.jpg","http://image.9game.cn/s/y9v/g/2018/10/085aa7d65625f73.jpg"],"circleId":160},{"testId":159,"studioName":"","studioLogo":"","gameName":"剑侠情缘2：剑歌行","bannerImage":"http://image.9game.cn/s/y9v/g/2018/10/113a5d04cbee908.jpg","gameTypes":["角色"],"recommendWord":"大家好，我是《剑侠情缘2：剑歌行》的制作人老九。上轮限量测试结束后，我们进行了很多思考和总结，其中有一些玩家们非常关心的问题，我整理了出来，在这里和大家聊一聊。\n\n【关于画质】\n为了给大家带来一个更真实的剑歌江湖，我们在游戏的美术上下了很多功夫。其中的第一步，便是担当了国内第一个使用虚幻4引擎制作的手游。一方面，作为该引擎在国内手游的首个尝试，有助于拔高产品的美术水准，为大家展现出更为真实出众的武侠世界。","publishTime":"1540367069000","status":1,"joinStatus":0,"provideType":0,"isFollow":false,"studioId":0,"gameId":799963,"domain":"jxqy2","gameScreenshots":["http://image.9game.cn/s/y9v/g/2018/10/91bebd83444d565.jpg","http://image.9game.cn/s/y9v/g/2018/10/01c33d966f8e09f.jpg","http://image.9game.cn/s/y9v/g/2018/10/82526902ff18fce.jpg","http://image.9game.cn/s/y9v/g/2018/10/54df0cc09208880.jpg","http://image.9game.cn/s/y9v/g/2018/10/09eb5e5c2a13c1b.jpg"],"circleId":156},{"testId":158,"studioName":"","studioLogo":"","gameName":"星战前夜：无烬星河","bannerImage":"http://image.9game.cn/s/y9v/g/2018/10/8ffd1e92a288371.jpg","gameTypes":["角色"],"recommendWord":"《星战前夜：无烬星河》是EVE官方合作手游，原代号为EVE: Project Galaxy。由冰岛CCP正式授权，网易游戏和冰岛CCP顶尖团队合作开发的《星战前夜:无烬星河》，在忠实EVE原作的基础上，将发挥手机可随时随地游戏的特质，为玩家打造一个“新伊甸”的平行世界。在《星战前夜:无烬星河》中，玩家可以探索八千多个星系，驾驶一百多种舰船，可以加入军团参与星际战争，或是自由进行舰船制造、商业贸易、矿石采集等活动。《星战前夜:无烬星河》中的每一段历史都将由玩家们谱写。","publishTime":"1540259402000","status":1,"joinStatus":0,"provideType":0,"isFollow":false,"studioId":0,"gameId":855362,"domain":"xzqye","gameScreenshots":["http://image.9game.cn/s/y9v/g/2018/10/02ca8acbd2db9ee.jpg","http://image.9game.cn/s/y9v/g/2018/10/79d78540f8d18c6.jpg","http://image.9game.cn/s/y9v/g/2018/10/7799d67b3752600.jpg","http://image.9game.cn/s/y9v/g/2018/10/19e0f7a9ad30d3f.jpg","http://image.9game.cn/s/y9v/g/2018/10/a9bb47e0f2de1bd.jpg"],"circleId":155},{"testId":157,"studioName":"","studioLogo":"","gameName":"代号：夏娃","bannerImage":"http://image.9game.cn/s/y9v/g/2018/10/891029cc463a7ed.jpg","gameTypes":["角色"],"recommendWord":"大家好，我是《代号：夏娃》的制作人亚当（笑），这次主要想针对首个游戏内录视频流出后大家所关注的一些点进行下答疑。受限于整体的开发和宣传节奏，部分内容现在还不能和大家聊得非常清楚，这个还请大家见谅，同时也非常感谢大家对于《代号：夏娃》的支持~","publishTime":"1540173982000","status":1,"joinStatus":0,"provideType":0,"isFollow":false,"studioId":0,"gameId":976950,"domain":"dhxw","gameScreenshots":["http://image.9game.cn/s/y9v/g/2018/10/93bd96aafcb38d5.jpg","http://image.9game.cn/s/y9v/g/2018/10/cb445c95c0cf9dc.jpg","http://image.9game.cn/s/y9v/g/2018/10/7a072540519f2e7.jpg","http://image.9game.cn/s/y9v/g/2018/10/fad2fb844ec3217.jpg","http://image.9game.cn/s/y9v/g/2018/10/0882d9c859d2dec.jpg","http://image.9game.cn/s/y9v/g/2018/10/6edff88a88c2b84.jpg"],"circleId":154},{"testId":156,"studioName":"","studioLogo":"","gameName":"空之旅人","bannerImage":"http://image.9game.cn/s/y9v/g/2018/10/bc96ad250f6bfc5.jpg","gameTypes":["角色"],"recommendWord":"(。￣□￣)ﾂ嗨~各位喜欢二次元的小伙伴，请看这里呦~\n这里有一款即将上线的日式幻想卡牌RPG二次元手游《空之旅人》新作呐~。\n\n它是酱紫的一款游戏：\n《空之旅人》，一款以异世界魔幻题材为背景的日式幻想卡牌RPG二次元游戏。讲述的是少年男主（这么主要的角色当然是你啦ヾ(◍°∇°◍)ﾉﾞ）从现世界来到浮空异世界——光辉大陆，而此时，正逢光辉大陆纷争渐起、灾兽横行，更有神秘组织暗影试图解开远古封印释放魔神莫鲁斯，而魔神的到来将使大陆陷入灾厄之渊。\n","publishTime":"1539941922000","status":1,"joinStatus":0,"provideType":0,"isFollow":false,"studioId":0,"gameId":997279,"domain":"kzlr","gameScreenshots":["http://image.9game.cn/s/y9v/g/2018/10/31ad776d226788b.jpg","http://image.9game.cn/s/y9v/g/2018/10/4a251c3e02e1fb9.jpg","http://image.9game.cn/s/y9v/g/2018/10/8429cee177e0af9.jpg"],"circleId":153},{"testId":155,"studioName":"","studioLogo":"","gameName":"恙化装甲","bannerImage":"http://image.9game.cn/s/y9v/g/2018/10/83ad354720a0232.png","gameTypes":["角色"],"recommendWord":"恙化装甲是一款3D TPS（第三人称射击）与美少女养成的手游。\n在这里，同一平行世界，存在着两个你，一个恙化世界的你、一个现实世界的你。当两个你相遇后，会发生怎样的故事……","publishTime":"1539344175000","status":1,"joinStatus":0,"provideType":0,"isFollow":false,"studioId":0,"gameId":984753,"domain":"yanghuazhuangjia","gameScreenshots":["http://image.9game.cn/s/y9v/g/2018/10/78a84b33e201b87.jpg","http://image.9game.cn/s/y9v/g/2018/10/724b14027ad2956.jpg","http://image.9game.cn/s/y9v/g/2018/10/52de478f452e249.jpg","http://image.9game.cn/s/y9v/g/2018/10/42b42b3103535e7.jpg","http://image.9game.cn/s/y9v/g/2018/10/b711963f8a6e070.jpg"],"circleId":152},{"testId":149,"studioName":"","studioLogo":"","gameName":"使命召唤手游","bannerImage":"http://image.9game.cn/s/y9v/g/2018/9/d151c0b4ed4b807.jpg","gameTypes":["射击"],"recommendWord":"使命召唤手游，由动视暴雪授权腾讯游戏共同研发，是使命召唤（Call of Duty）系列的正版IP射击手游。\n《使命召唤》中的诸多经典地图、武器、角色都将在游戏中登场。\n游戏暂无实际画面，资料图片来自《使命召唤：无限战争》。","publishTime":"1538220288000","status":1,"joinStatus":0,"provideType":0,"isFollow":false,"studioId":0,"gameId":770627,"domain":"smzhsy","gameScreenshots":["http://image.9game.cn/s/y9v/g/2018/9/9da5075a24115ef.jpg","http://image.9game.cn/s/y9v/g/2018/9/25bb3d1ab24ba56.jpg","http://image.9game.cn/s/y9v/g/2018/9/1f77f3ac3886d6b.jpg","http://image.9game.cn/s/y9v/g/2018/9/59985ad85ba191e.jpg"],"circleId":146},
{"testId":140,"studioName":"","studioLogo":"","gameName":"无限战车","bannerImage":"http://image.9game.cn/s/y9v/g/2018/9/b4b563532a7d9b7.jpg","gameTypes":["射击"],"recommendWord":"亲爱的太空工程师，大家好：\n我是无限战车的制作人刘犀，上一款作品是手游——功夫熊猫3。这一次给大家带来的，不是功夫熊猫4，甚至不是一款动作游戏。\n这次我们来整点不一样的——来玩玩沙盒战车。这款产品的出生，要从朋友送给我的乐高说起。那是一个非常开心的下午，我躲在书房玩得不亦乐乎。我发现，最让我激动的，就是将归属不同的模块强行拼到一起，形成一个无比威猛的巨无霸。突然之间，一个游戏灵感一跃而出：大家上来都是一个小方块，通过搜集战场上的材料组装变强。大家可以互相攻击，击落别人的零件，用来武装自己。突然之间，我就被这样一个灵感抓住了。内心中一个声音一直在呐喊：这就是我想要做的游戏。\n但是当我拉上小伙伴一起讨论时，发现从创意到实现，有很大的挑战：模块应该怎么设计，用什么样的拼接规则，需要怎么样的物理引擎，物理引擎怎么接入NeoX。这一连串的问题，将我问住了。这时，一个朋友表示，自己在游戏展认识了一个英国工作室payload studios，他们做了一款名为Terratech的游戏。这款游戏跟我所想的概念有点相似，也许可以跟英国人取取经。\nTerratech的拼接规则简单，但是充满了沙盒的趣味，一下子就俘虏了我。这就是能承载我梦想的拼接方式。\n在朋友的牵线下，我和Terratech的制作人Russ Clarke先生进行了深入交流。虽然我们双方游戏方向不太相同，Terratech偏向PVE，我们指向PVP，但是他们对我们的想法产生了极大的兴趣，于是这段有趣的合作就开始了， payload studios在产品基础设计方面给予了我们很大的支持和启发，通过我们的不断努力，逐渐有了现在的模样。\n在这里，你可以找块太空岩躲着，快速改装战车，用加特林机关枪或者追踪导弹攻击其他战车。当然策略也非常重要，在你和对手酣战正high时，也许火山口一辆战车的狙击炮已经悄悄瞄准了你！荒漠、火山口、冰湖、飞船废墟，外太空的每一寸土地都是你的战场！\n\n制作人刘犀 \n","publishTime":"1536571584000","status":2,"joinStatus":0,"provideType":2,"isFollow":false,"studioId":0,"gameId":996159,"domain":"wuxianzhanche","gameScreenshots":["http://image.9game.cn/s/y9v/g/2018/9/da5cde11910a20c.jpg","http://image.9game.cn/s/y9v/g/2018/9/c9abdd1dd2a9d02.jpg","http://image.9game.cn/s/y9v/g/2018/9/76df07452174fee.jpg","http://image.9game.cn/s/y9v/g/2018/9/13cad82350c2fa2.jpg","http://image.9game.cn/s/y9v/g/2018/9/42f262a5221d781.jpg","http://image.9game.cn/s/y9v/g/2018/9/709aa215a9bd48a.jpg"],"circleId":137},
{"testId":53,"studioName":"","studioLogo":"","gameName":"风暴对决","bannerImage":"http://image.9game.cn/s/y9v/g/2018/7/53c4b99829997ba.jpg","gameTypes":["射击","角色","moba","休闲"],"recommendWord":"8月9日上午10点开服！\n各位(ಥ_ಥ)，我们在《反斗海战》又见面了\n感谢大家陪伴陪着我们度过了这段漫长的等待时间~<(_ _)> 鞠躬\n自上次测试后，很感谢大家的意见和建议~也为诈尸了这么久表示歉意(ಥ_ಥ)\n其实...其实在这段日子开发组小哥哥小姐姐们不断的开发完善咱们的反斗海战\n\n8月中开启第二次测试哟 ！\n注意了！！画重点啦→→【安卓】同服【iOS】←←！你懂的！(≖ ‿ ≖)✧\n\n回想过去的日子里，word各(ಥ_ಥ)位玩家宝宝们在等待，其实开发组小哥哥小姐姐们在一刻不停歇地更新我们的地图~描绘角色~改进其中的问题！检查可能的隐患！反复进行迭代！你们的支持~！是我们的动力！你们的爱，灌注了我们整片海洋！\n现在船船已经集结完毕！就差你啦！o(≧v≦)o\n\n( •́ .̫ •̀ )由于是海战首次iOS安卓同时正式开浪，游戏中很可能存在BUG和不合理设计。\n如果遇到问题，都可以通过分钟官方渠道告诉我们ˋ( ° ▽、° )\n\n另外，官方微信“反斗海战”、官方微博@反斗海战，\n官方论坛都将实时开放，欢迎大家在各官方平台与我们沟通交流。\n\n很感谢大家在这段时间一直关注着我们，希望你度过一段快乐而难忘的反斗海战！o(￣▽￣///)\n\n《反斗海战》开发组 上\n2018年7月5日","publishTime":"1534765516000","status":0,"joinStatus":0,"provideType":0,"isFollow":false,"studioId":0,"gameId":877937,"domain":"fdhz","gameScreenshots":["http://image.9game.cn/s/y9v/g/2017/12/311216ce792dbcf.jpg","http://image.9game.cn/s/y9v/g/2017/12/442bd61cc027f96.jpg","http://image.9game.cn/s/y9v/g/2017/12/5e41a026a7a15db.jpg","http://image.9game.cn/s/y9v/g/2017/12/87d58fa902256de.jpg","http://image.9game.cn/s/y9v/g/2017/12/26e5dd6ace8cdce.jpg"],"circleId":0},
{"testId":70,"studioName":"","studioLogo":"","gameName":"猎手之王","bannerImage":"http://image.9game.cn/s/y9v/g/2018/7/9447f8c8210dbba.jpg","gameTypes":["动作"],"recommendWord":"网易首款冷兵器生存竞技手游！用刀剑枪斧带你回归肉搏快感！\n2.5D沙盒生存竞技，回归近战搏斗乐趣！","publishTime":"1530601461000","status":0,"joinStatus":0,"provideType":0,"isFollow":false,"studioId":0,"gameId":939521,"domain":"lieshouzhiwang","gameScreenshots":["http://image.9game.cn/s/y9v/g/2018/1/b47aee9dcb169d5.jpg","http://image.9game.cn/s/y9v/g/2018/1/b85e0e5234878ea.jpg","http://image.9game.cn/s/y9v/g/2018/1/aff5c1fd2088ef5.jpg","http://image.9game.cn/s/y9v/g/2018/1/a52d9f4cf92c3b9.jpg","http://image.9game.cn/s/y9v/g/2018/1/ef6d7b794c5bf9d.jpg"],"circleId":0},{"testId":65,"studioName":"","studioLogo":"","gameName":"明日之后","bannerImage":"http://image.9game.cn/s/y9v/g/2018/3/5ef049f3913f489.jpg","gameTypes":["射击"],"recommendWord":"大家好，我叫Alfred，是《明日之后》项目经理，大家也可以喊我“阿弗”。\n过去一周，我翻阅玩家的每一条留言，其中最多的就是关于测试资格取得方式的质疑和指责，同为游戏爱好者，我非常清楚的了解到，在经历了期盼、下载，等待，卡秒狂点到最后被告知无法进入游戏时的心情。\n那种失落转为失望、愤慨的感受，相信打一百次一星评价也无法填补。\n所以，我完全认同，并坚决支持你们在Tap Tap平台打出一星的评价，这是测试不当应得的后果，也是我们应当承受的教训。\n经过深刻反思，我们决定整改如下：\n1、\t以一级运营事故标准，惩处本次封闭测试负责人以及相关群管理人员。\n2、\t建立蓝贴沟通机制，持续公布产品改动、后续测试机制，并充分听取大家意见。\n3、\t全面筛查官方主播团队，提高准入和专业标准。\n\n接下来，我们将埋头打磨和提升产品。我们要用过硬的游戏品质，把失掉的分数挣回来。\n我们计划对产品做出以下调整，让这个末日世界更加真实：\n1、末日危急，求生者的每一步动作都攸关性命。当他们在慌乱中奔跑，会对方向有更精准的把控；当他们抄起武器自卫，会对打击轨迹有更准确的预判；小地图上增加的地形，将帮助他们幸免于迷路落入丧尸之口。\n2、幸存的人类将发现多种方法，用以更快速地掌握更多生存技能。末世虽然颓败荒凉，但人类从未放弃追求和希望。\n3、这个世界不是乌托邦，幸存者们将会在野外和营地遭遇更大的生存威胁——他们需要充分激发自身潜力、或者与更多幸存者联手，才能增大存活的概率；\n4、资源有限，为了活下去，幸存人类之间的摩擦和争夺时有发生。不少营地因此矛盾加剧，演变成大规模武装冲突。秩序已经崩坏，没有和平条约。\n\n今后，我将不定期为大家带来产品蓝贴，分享产品新加入的有趣机制和最新进展，与大家共同探讨玩法设定。\n在游戏正式上线之前，《明日之后》还将开展一次删档测试。届时，我将对测试形式、测试渠道等相关信息，与大家第一时间进行分享。\n\n这世上所有的误会都来自不理解，所有的矛盾来自不沟通，所有的错过都来自不信任。希望我们能用实际行动，消除误会、解决矛盾、重建信任。\n诚挚期待你们的意见和建议。\n\nAlfred 阿弗","publishTime":"1527564480000","status":0,"joinStatus":0,"provideType":0,"isFollow":false,"studioId":0,"gameId":833255,"domain":"dhsurvive","gameScreenshots":["http://sh.image.uc.cn/s/y9p/g/ngp_gameopen/ef04c7f2ad12b261c195ed6a7de6c126.jpg","http://sh.image.uc.cn/s/y9p/g/ngp_gameopen/5e02a645c62b41149da75c645c8a8f7e.jpg","http://sh.image.uc.cn/s/y9p/g/ngp_gameopen/707c86bd8e172d25f9df49e1d74fee57.jpg","http://sh.image.uc.cn/s/y9p/g/ngp_gameopen/702ddce2c5ba4da6092d418e23c845b6.jpg","http://sh.image.uc.cn/s/y9p/g/ngp_gameopen/02d33d6b28c57afc95c11c13b08a9ec0.jpg"],"circleId":25},{"testId":18,"studioName":"","studioLogo":"","gameName":"枪魂启示录","bannerImage":"http://sh.image.uc.cn/s/y9v/g/2017/9/af05e742e0c18f2.png","gameTypes":["动作","射击"],"recommendWord":"《枪魂启示录》是一款双摇杆操作的超高自由度射击手游，我们将Roguelike玩法与传统的第三人称射击游戏相融合，在体验操作乐趣的同时，可以探索无尽的未知迷宫，收集掉落定制专属枪械的组件等等；还有限时10人大逃杀，和小伙伴一起来吃鸡~(#^.^#)\n\n开测时间：9月25日-10月9日\n\n探索未知领域，一同开启末世求生之旅！","publishTime":"1527504874000","status":1,"joinStatus":0,"provideType":0,"isFollow":false,"studioId":0,"gameId":797813,"domain":"qhqsl","gameScreenshots":["http://sh.image.uc.cn/s/y9p/g/ngp_gameopen/e1d5b06c0143257278b75e6ddc24aea2.png","http://sh.image.uc.cn/s/y9p/g/ngp_gameopen/841abc477c8ca4ad90956a55762d27b8.png","http://sh.image.uc.cn/s/y9p/g/ngp_gameopen/cdf6472edcdc41dc3604a2ef257bb9da.png","http://sh.image.uc.cn/s/y9p/g/ngp_gameopen/210af5b7c3d5bbdd43752aa5cf7c13fb.png","http://sh.image.uc.cn/s/y9p/g/ngp_gameopen/87b95869717bf526b179115c5ed622d7.png"],"circleId":0},
{"testId":33,"studioName":"","studioLogo":"","gameName":"王者勋章","bannerImage":"http://sh.image.uc.cn/s/y9v/g/2017/9/ece851c4369b627.jpg","gameTypes":["射击"],"recommendWord":"虚幻引擎4是全球范围内最先进的3D游戏引擎之一，《王者勋章》研发团队凭借这款优秀引擎以及娴熟的引擎使用技巧，将游戏画面表现提升到了一个全新水平，缔造了国产手游画面新标准","publishTime":"1527504770000","status":1,"joinStatus":0,"provideType":0,"isFollow":false,"studioId":0,"gameId":832577,"domain":"wangzhexunzhang","gameScreenshots":["http://sh.image.uc.cn/s/y9p/g/ngp_gameopen/4d6699ea1aca6635864ca04535dc5ff9.jpg","http://sh.image.uc.cn/s/y9p/g/ngp_gameopen/d1a32c148d968800532d886dda0ff554.jpg","http://sh.image.uc.cn/s/y9p/g/ngp_gameopen/a3b4400ded5e7795087e4e25661f4489.jpg","http://sh.image.uc.cn/s/y9p/g/ngp_gameopen/1fe44d6fa963c9bfee33afde7ac93b0e.jpg","http://sh.image.uc.cn/s/y9p/g/ngp_gameopen/48c7552982e8fe86010dd9ce970b0113.jpg"],"circleId":0},
{"testId":55,"studioName":"","studioLogo":"","gameName":"绝地求生全军出击","bannerImage":"http://image.9game.cn/s/y9v/g/2017/12/7799a36e9ce8aa5.jpg","gameTypes":["射击"],"recommendWord":"本作为腾讯携手PUBG联合出品，天美工作室群担纲制作的正版《绝地求生》手游。","publishTime":"1527504628000","status":0,"joinStatus":0,"provideType":0,"isFollow":false,"studioId":0,"gameId":871934,"domain":"jdqsqjcj","gameScreenshots":["http://image.9game.cn/s/y9v/g/2017/12/f70ae54c556b19c.jpg","http://image.9game.cn/s/y9v/g/2017/12/0ee145a6c242cab.jpg","http://image.9game.cn/s/y9v/g/2017/12/1901602f133bf6f.jpg","http://image.9game.cn/s/y9v/g/2017/12/0e2008db5011b48.jpg","http://image.9game.cn/s/y9v/g/2017/12/dc22b07e111bc81.jpg"],"circleId":0},
{"testId":54,"studioName":"","studioLogo":"","gameName":"绝地求生：刺激战场","bannerImage":"http://image.9game.cn/s/y9v/g/2017/12/b9cee34c442ebd6.jpg","gameTypes":["射击"],"recommendWord":"大吉大利，今晚刺激！《绝地求生：刺激战场》作为绝地求生正版手游，完美还原端游的纯正游戏体验。\n\n虚幻4引擎研发，次世代完美画质，重现端游视听感受；8000Mx8000M正版实景地图，打造指尖战场，全方面自由施展战术；百人同场竞技，真实弹道，完美的射击手感；好友一键组队，语音开黑；腾讯光子工作室群超过200人团队研发，给您带来一场刺激的竞技体验。","publishTime":"1527504598000","status":0,"joinStatus":0,"provideType":0,"isFollow":false,"studioId":0,"gameId":871935,"domain":"jdqscjzc","gameScreenshots":["http://image.9game.cn/s/y9v/g/2017/12/e7c4cf83c125ff4.jpg","http://image.9game.cn/s/y9v/g/2017/12/cb350d394c9b3ea.jpg","http://image.9game.cn/s/y9v/g/2017/12/7e602da552e90a8.jpg","http://image.9game.cn/s/y9v/g/2017/12/1531d870cd86969.jpg","http://image.9game.cn/s/y9v/g/2017/12/2c40cfef04bec92.jpg"],"circleId":18},
{"testId":51,"studioName":"","studioLogo":"","gameName":"孤岛先锋（iOS）","bannerImage":"http://image.9game.cn/s/y9v/g/2017/12/0dbdca88c22157c.jpg","gameTypes":["射击","动作"],"recommendWord":"【游戏体验资格获取方式】<a href='https://survey.alibaba.com/survey/Q0APokNZl'>>>点击填写问卷获取邀请码<<</a>\n测试时间定于：2017年 12月15日11:00","publishTime":"1527504578000","status":1,"joinStatus":0,"provideType":0,"isFollow":false,"studioId":0,"gameId":874211,"domain":"dhalive","gameScreenshots":["http://image.9game.cn/s/y9v/g/2017/12/b69425b66df7d54.jpg","http://image.9game.cn/s/y9v/g/2017/12/7e9c701dcbabc74.jpg","http://image.9game.cn/s/y9v/g/2017/12/ed67c300f913919.jpg","http://image.9game.cn/s/y9v/g/2017/12/eadb25471307a2b.jpg","http://image.9game.cn/s/y9v/g/2017/12/ce48f8cc7f39277.jpg"],"circleId":0},{"testId":158,"studioName":"","studioLogo":"","gameName":"星战前夜：无烬星河","bannerImage":"http://image.9game.cn/s/y9v/g/2018/10/8ffd1e92a288371.jpg","gameTypes":["角色"],"recommendWord":"《星战前夜：无烬星河》是EVE官方合作手游，原代号为EVE: Project Galaxy。由冰岛CCP正式授权，网易游戏和冰岛CCP顶尖团队合作开发的《星战前夜:无烬星河》，在忠实EVE原作的基础上，将发挥手机可随时随地游戏的特质，为玩家打造一个“新伊甸”的平行世界。在《星战前夜:无烬星河》中，玩家可以探索八千多个星系，驾驶一百多种舰船，可以加入军团参与星际战争，或是自由进行舰船制造、商业贸易、矿石采集等活动。《星战前夜:无烬星河》中的每一段历史都将由玩家们谱写。","publishTime":"1540259402000","status":1,"joinStatus":0,"provideType":0,"isFollow":false,"studioId":0,"gameId":855362,"domain":"xzqye","gameScreenshots":["http://image.9game.cn/s/y9v/g/2018/10/02ca8acbd2db9ee.jpg","http://image.9game.cn/s/y9v/g/2018/10/79d78540f8d18c6.jpg","http://image.9game.cn/s/y9v/g/2018/10/7799d67b3752600.jpg","http://image.9game.cn/s/y9v/g/2018/10/19e0f7a9ad30d3f.jpg","http://image.9game.cn/s/y9v/g/2018/10/a9bb47e0f2de1bd.jpg"],"circleId":155},{"testId":157,"studioName":"","studioLogo":"","gameName":"代号：夏娃","bannerImage":"http://image.9game.cn/s/y9v/g/2018/10/891029cc463a7ed.jpg","gameTypes":["角色"],"recommendWord":"大家好，我是《代号：夏娃》的制作人亚当（笑），这次主要想针对首个游戏内录视频流出后大家所关注的一些点进行下答疑。受限于整体的开发和宣传节奏，部分内容现在还不能和大家聊得非常清楚，这个还请大家见谅，同时也非常感谢大家对于《代号：夏娃》的支持~","publishTime":"1540173982000","status":1,"joinStatus":0,"provideType":0,"isFollow":false,"studioId":0,"gameId":976950,"domain":"dhxw","gameScreenshots":["http://image.9game.cn/s/y9v/g/2018/10/93bd96aafcb38d5.jpg","http://image.9game.cn/s/y9v/g/2018/10/cb445c95c0cf9dc.jpg","http://image.9game.cn/s/y9v/g/2018/10/7a072540519f2e7.jpg","http://image.9game.cn/s/y9v/g/2018/10/fad2fb844ec3217.jpg","http://image.9game.cn/s/y9v/g/2018/10/0882d9c859d2dec.jpg","http://image.9game.cn/s/y9v/g/2018/10/6edff88a88c2b84.jpg"],"circleId":154},{"testId":156,"studioName":"","studioLogo":"","gameName":"空之旅人","bannerImage":"http://image.9game.cn/s/y9v/g/2018/10/bc96ad250f6bfc5.jpg","gameTypes":["角色"],"recommendWord":"(。￣□￣)ﾂ嗨~各位喜欢二次元的小伙伴，请看这里呦~\n这里有一款即将上线的日式幻想卡牌RPG二次元手游《空之旅人》新作呐~。\n\n它是酱紫的一款游戏：\n《空之旅人》，一款以异世界魔幻题材为背景的日式幻想卡牌RPG二次元游戏。讲述的是少年男主（这么主要的角色当然是你啦ヾ(◍°∇°◍)ﾉﾞ）从现世界来到浮空异世界——光辉大陆，而此时，正逢光辉大陆纷争渐起、灾兽横行，更有神秘组织暗影试图解开远古封印释放魔神莫鲁斯，而魔神的到来将使大陆陷入灾厄之渊。\n","publishTime":"1539941922000","status":1,"joinStatus":0,"provideType":0,"isFollow":false,"studioId":0,"gameId":997279,"domain":"kzlr","gameScreenshots":["http://image.9game.cn/s/y9v/g/2018/10/31ad776d226788b.jpg","http://image.9game.cn/s/y9v/g/2018/10/4a251c3e02e1fb9.jpg","http://image.9game.cn/s/y9v/g/2018/10/8429cee177e0af9.jpg"],"circleId":153},{"testId":138,"studioName":"","studioLogo":"","gameName":"DNF手游","bannerImage":"http://image.9game.cn/s/y9v/g/2018/8/f3fbf16c92572ac.jpg","gameTypes":["动作"],"recommendWord":"欢迎大家加入iOS游戏测试群9966293\nDNF手游目前一直都在限量内测阶段\n九游会持续更新DNF手游版的最新动态\n想玩手游的玩家，可以先点击预约，游戏上线第一时间会马上通知您哒~","publishTime":"1539569041000","status":1,"joinStatus":0,"provideType":0,"isFollow":false,"studioId":0,"gameId":551171,"domain":"dxcyysol","gameScreenshots":["http://image.9game.cn/s/y9v/g/2018/8/69637d063d1403c.jpg","http://image.9game.cn/s/y9v/g/2018/8/0803020b991fd0f.jpg","http://image.9game.cn/s/y9v/g/2018/8/e0658b33f46284d.jpg","http://image.9game.cn/s/y9v/g/2018/8/762711039567771.jpg","http://image.9game.cn/s/y9v/g/2018/8/33f7c3e15047043.jpg","http://image.9game.cn/s/y9v/g/2018/8/aa479ad5e534d06.jpg"],"circleId":135},{"testId":136,"studioName":"","studioLogo":"","gameName":"LOL手游","bannerImage":"http://image.9game.cn/s/y9v/g/2018/8/856466de086af3d.jpg","gameTypes":["moba"],"recommendWord":"欢迎大家加入iOS游戏测试群9966293\n目前游戏暂无更多信息,游戏截图仅供参考\n九游会持续更新lol手游版的最新动态\n今年腾讯UP发布会上，《LOL》设计师鬼蟹即“暗示”了腾讯的国内团队参与《英雄联盟》手游研发的必然性\n鬼蟹当时表示：“我觉得在这方面（手游）应该是中国的游戏设计师和开发者能够在这方面给我一些经验，因为在美国有很多人认为手游是很随意的，没有设计师真正把它当作是设计的重点。而在中国，手游发展了挺长时间了，我倒觉得这方面中国的开发者是有这方面的心得。”","publishTime":"1539569033000","status":1,"joinStatus":0,"provideType":0,"isFollow":false,"studioId":0,"gameId":781284,"domain":"lolsy","gameScreenshots":["http://image.9game.cn/s/y9v/g/2018/8/ba360a065b121ca.jpg","http://image.9game.cn/s/y9v/g/2018/8/adc525648a78ed0.jpg","http://image.9game.cn/s/y9v/g/2018/8/d58c074b8f4b91c.jpg","http://image.9game.cn/s/y9v/g/2018/8/613ee3cd4f49b6a.jpg","http://image.9game.cn/s/y9v/g/2018/8/08edb0633e32479.jpg"],"circleId":133},{"testId":155,"studioName":"","studioLogo":"","gameName":"恙化装甲","bannerImage":"http://image.9game.cn/s/y9v/g/2018/10/83ad354720a0232.png","gameTypes":["角色"],"recommendWord":"恙化装甲是一款3D TPS（第三人称射击）与美少女养成的手游。\n在这里，同一平行世界，存在着两个你，一个恙化世界的你、一个现实世界的你。当两个你相遇后，会发生怎样的故事……","publishTime":"1539344175000","status":1,"joinStatus":0,"provideType":0,"isFollow":false,"studioId":0,"gameId":984753,"domain":"yanghuazhuangjia","gameScreenshots":["http://image.9game.cn/s/y9v/g/2018/10/78a84b33e201b87.jpg","http://image.9game.cn/s/y9v/g/2018/10/724b14027ad2956.jpg","http://image.9game.cn/s/y9v/g/2018/10/52de478f452e249.jpg","http://image.9game.cn/s/y9v/g/2018/10/42b42b3103535e7.jpg","http://image.9game.cn/s/y9v/g/2018/10/b711963f8a6e070.jpg"],"circleId":152},{"testId":153,"studioName":"","studioLogo":"","gameName":"星露谷物语","bannerImage":"http://image.9game.cn/s/y9v/g/2018/10/7c88416c788be79.jpg","gameTypes":["角色"],"recommendWord":"官方宣布将于 10月24日 登陆 iOS，售价7.99美元。\n你继承了你爷爷在星露谷留下的老旧农场。带着爷爷留下的残旧工具和几枚硬币开始了你的新生活。你能适应这小镇上的生活并且将这个杂草丛生的老旧农场变成一个繁荣的家吗？","publishTime":"1539144718000","status":1,"joinStatus":0,"provideType":0,"isFollow":false,"studioId":0,"gameId":726011,"domain":"xlgwy","gameScreenshots":["http://image.9game.cn/s/y9v/g/2018/10/2458616f6542468.jpg","http://image.9game.cn/s/y9v/g/2018/10/bdb76be5f6887f4.jpg","http://image.9game.cn/s/y9v/g/2018/10/d42c9ee3c9a1605.jpg","http://image.9game.cn/s/y9v/g/2018/10/c79504684336ea5.jpg","http://image.9game.cn/s/y9v/g/2018/10/6db3eafc2e260fa.jpg"],"circleId":150},{"testId":152,"studioName":"","studioLogo":"","gameName":"新人类一败涂地","bannerImage":"http://image.9game.cn/s/y9v/g/2018/10/32c445ff4bc01eb.jpg","gameTypes":["休闲"],"recommendWord":"505Games与该作原发行商Curve Digita进行合作，《人类：一败涂地》的手游版本将由505Games全球发行。","publishTime":"1539081882000","status":1,"joinStatus":0,"provideType":0,"isFollow":false,"studioId":0,"gameId":995144,"domain":"xrlybtd","gameScreenshots":["http://image.9game.cn/s/y9v/g/2018/10/2efbb03e5540a1e.jpg","http://image.9game.cn/s/y9v/g/2018/10/b2cd2428cd508d6.jpg","http://image.9game.cn/s/y9v/g/2018/10/cf1b60b160b2195.jpg","http://image.9game.cn/s/y9v/g/2018/10/97f76060c0f5732.jpg","http://image.9game.cn/s/y9v/g/2018/10/1f67314ab03795b.jpg"],"circleId":149},{"testId":151,"studioName":"","studioLogo":"","gameName":"幻世录","bannerImage":"http://image.9game.cn/s/y9v/g/2018/10/bd47b777ad7c9a1.jpg","gameTypes":["角色"],"recommendWord":"好久不见~很高兴能够在这里告诉大家， 由宇峻奥汀正版授权的《幻世录》手游，即将在不久后的将来和大家见面。\n《幻世录1》于95年正式发行，至今已经23年了。作为一款“远古时代”的老游戏，我们现在还能看到玩家不时在贴吧重温与讨论《幻世录》，真的非常感动，感谢大家一直以来的喜爱！\n感动之余，也有一些紧张。《幻世录》端游作为一款世界观架构庞大的RPG游戏，如何将剧情延伸？让玩法更吸引人？在经过长时间的调研与测试后，开发组决定将其制作成一款回合制RPG手游，剧情将有更丰富的扩展，在保留其策略性的同时，更快的游戏节奏、更多的角色选择、更丰富的副本与PVP玩法，相信能给大家带来不一样的体验。\n同时，美术小姐姐们也对原画进行了美化，使用的是欧洲中世纪题材魔幻风格，后续我们也会在这里陆续曝光人设图文。另外，丰富的剧情与错综复杂的人物关系当然也是必不可少的，剧情党们，想知道魔神战争后布莱特与伊丽娜都怎么样了吗？关注我们获取情报吧！","publishTime":"1539069285000","status":1,"joinStatus":0,"provideType":0,"isFollow":false,"studioId":0,"gameId":843166,"domain":"huanshilu","gameScreenshots":["http://image.9game.cn/s/y9v/g/2018/10/573c9ee605e326d.jpg","http://image.9game.cn/s/y9v/g/2018/10/e4c8dca0c60115a.jpg","http://image.9game.cn/s/y9v/g/2018/10/98ede9d07893473.jpg","http://image.9game.cn/s/y9v/g/2018/10/90d8ec85c558ed8.jpg","http://image.9game.cn/s/y9v/g/2018/10/8f7f0ccba4993a4.jpg"],"circleId":148},{"testId":150,"studioName":"","studioLogo":"","gameName":"红警OL","bannerImage":"http://image.9game.cn/s/y9v/g/2018/10/41d715281225020.jpg","gameTypes":["策略"],"recommendWord":"《红警OL》是国内唯一获得EA正版授权的红警游戏，是以经典PC游戏“红警”为基础开发的全新手游。游戏以创新的战争策略玩法、全面的现代军事战争、多维的自由科技辅助、实时的世界联盟混战四大特色为依托，迅速成为国内最流行的战争策略游戏。战斗号角已经吹响，不死老兵热血集结。\n\n1、 EA授权，红警全球唯一正版手游\n2、 战争策略，打造红警现代强国\n3、 现代军事，海陆空立体化战斗\n4、 自由科技，多维技术探索建造\n5、 世界联盟，实时集结协同对战","publishTime":"1538980228000","status":1,"joinStatus":0,"provideType":0,"isFollow":false,"studioId":0,"gameId":964625,"domain":"tkkn","gameScreenshots":["http://image.9game.cn/s/y9v/g/2018/10/a77ab008b1f571d.jpg","http://image.9game.cn/s/y9v/g/2018/10/07153e6e188a977.jpg","http://image.9game.cn/s/y9v/g/2018/10/2fc9c45f5f370cd.jpg","http://image.9game.cn/s/y9v/g/2018/10/f5803f05a0d656b.jpg","http://image.9game.cn/s/y9v/g/2018/10/11a316f6872cd8d.jpg"],"circleId":0}],
"newTotal":16}}


